WBC,RBC,HGB,PLT,NEUT,LYMPH,MONO,EOS,BASO,Disease
3.7,4.9,15.6,275,1.96,1.32,0.17,0.25,0.03,3
7,5.12,13.5,386,3.33,3.05,0.53,0.09,0.06,13
5,4.67,13.3,211,2,2.09,0.26,0.61,0.03,11
6.9,4.8,15,224,3.77,1.75,0.58,0.7,0.05,11
4.2,5.31,16,224,2.18,1.49,0.2,0.29,0.03,3
8.9,5.36,15,99,2.52,2.69,0.32,0.33,0.04,4
5.4,4.64,12.9,333,1.92,2.38,0.29,0.79,0.04,11
4.5,4.76,13.5,186,1.41,1.93,0.3,0.4,0.02,6
6,5.02,11.6,224,2.86,1.97,0.68,0.44,0.04,13
5.6,5.46,13.9,203,1.97,2.1,0.27,1.2,0.06,11
4.7,4.87,15.5,171,1.7,2.25,0.29,0.45,0.04,6
4.6,5.37,15.2,271,2.44,2.48,0.35,0.66,0.04,11
3.6,5,17.1,320,2,2.14,0.24,0.18,0.03,3
4.5,4.98,14.8,312,1.57,1.96,0.25,0.27,0.04,6
4.9,5.41,16.4,199,2.32,1.89,0.35,0.31,0.03,13
4.5,5.75,13.6,135,1.21,1.98,0.41,0.37,0.03,6
4.8,4.69,14.3,297,2.32,1.72,0.33,0.37,0.03,13
4.6,5.23,12,260,2,2.11,0.27,0.52,0.02,11
4.9,5.44,16.7,218,2.49,1.95,0.31,0.1,0.03,13
6.7,4.7,7.2,259,2.8,2.82,0.41,0.4,0.03,0
8.5,5.85,12,343,3.57,3,0.37,1.49,0.04,11
5,5.41,14.2,318,2.03,2.26,0.39,0.3,0.04,13
6.8,3.7,5.8,248,2.01,3.52,0.47,0.44,0.05,0
4.6,4.8,14.1,233,1.87,2.02,0.21,0.49,0.03,11
5,5.37,15.2,197,2.5,1.84,0.21,0.39,0.02,13
4.3,4.48,12,180,2.37,1.48,0.19,0.21,0.04,3
6.8,5.51,14.5,203,2.98,2.92,0.42,0.38,0.05,13
3.9,4.9,16.2,269,2,1.96,0.24,0.3,0.07,3
8.2,6.08,15.2,250,3.4,3.14,0.24,0.3,0.11,1
4.6,6.11,15.7,153,2,2.28,0.24,0.36,0.02,1
4.8,4.19,13.1,255,1.76,2.66,0.18,0.16,0.02,6
4.8,4.95,14,112,2,1.92,0.16,0.3,0.03,4
3.9,5.58,16.1,240,2,2.17,0.16,0.21,0.03,3
5,5.63,15.8,179,3.48,1.29,0.12,0.1,0.03,13
4.7,5.46,14.4,168,3,2.5,0.22,0.51,0.4,11
4.4,5.36,16,262,1.93,2,0.22,0.22,0.02,13
5.4,5.58,15.5,169,3.67,1.39,0.15,0.17,0.03,13
5,5.17,15.1,220,2.87,1.47,0.27,0.31,0.04,13
5.8,6.01,16.5,250,3.24,1.93,0.14,0.45,0.03,1
4.6,5,13.8,249,2,1.85,0.17,0.52,0.03,11
8.4,5.22,12.3,259,4.09,3.27,3.3,0.45,0.05,10
4.5,5.73,16.5,200,1.36,1.94,0.25,0.38,0.03,6
33,5.58,15,258,4.11,3.23,0.27,0.45,0.07,2
4.6,5.78,16.4,206,2.47,1.7,0.13,0.29,0.02,13
5.4,3.9,6.3,350,2.32,2.54,0.12,0.36,0.04,0
5.9,5.42,13.9,102,2.1,2.66,0.11,0.45,0.04,4
6.7,5.5,14.4,299,2.91,3.23,0.17,0.32,0.04,13
4.3,5.12,13.2,194,2.02,2.04,0.12,0.08,0.02,3
3.8,5.85,17.3,215,1.9,1.68,0.1,0.09,0.02,3
5.9,4.95,14.1,251,2.09,3.59,0.15,0.08,0.04,13
4.5,4,6.3,274,1.79,1.53,0.07,0.48,0.01,0
21.1,5.46,14.2,266,5,4.38,0.27,0.45,0.13,2
4.7,6.61,15.4,237,2.56,1.8,0.18,0.1,0.03,1
4.7,7.67,17.1,389,2.28,3.33,0.14,0.45,0.07,1
6.2,5.8,16.1,279,2.36,2.1,0.16,1.59,0.03,11
6.9,5.79,15.4,404,4.54,1.9,0.24,0.24,0.03,13
5.3,6.39,15.9,211,2.03,2.57,0.17,0.44,0.04,1
6.2,5.11,12.4,369,2.26,2.85,0.3,0.74,0.04,11
4.6,5.35,14.9,271,3,2.71,0.11,1.12,0.03,11
8.7,7.53,14.5,198,3.45,3.38,0.22,0.45,0.05,1
5.1,6.68,11.4,178,2.11,2.69,0.16,0.16,0.02,1
4.8,4.82,12,275,2.16,2.32,0.15,0.17,0.02,13
4.8,6.36,17.2,229,2.4,2.13,0.2,0.07,0.03,1
5.8,5.75,15.5,293,3.26,1.87,0.17,0.45,0.05,13
5.9,5.38,14,278,2.97,2.54,0.24,0.1,0.04,13
5.5,7.77,12,237,3.14,2.08,0.11,0.15,0.01,1
5,4.97,14.5,147,2,2.21,1.11,0.05,0.02,10
5.3,5.47,13.6,239,2.23,2.69,0.18,0.22,0.02,13
5.4,4.97,15,256,2.51,2.41,0.19,0.22,0.02,13
6,6.04,17,379,3.08,2.23,0.13,0.45,0.04,1
5.6,6.3,16,171,2.99,2.43,0.11,0.07,0.03,1
5.8,5.23,14.4,232,2.83,2.57,0.17,0.23,0.04,13
4.5,7.24,18.4,231,1.74,1.17,0.1,0.04,0.02,1
4.3,5.67,15.3,33,1.83,2.17,0.07,0.19,0.02,4
5.9,6.49,15.9,236,3.24,2.26,0.17,0.26,0.02,1
7.1,4.92,13.2,228,2.72,4.05,0.15,0.16,0.04,13
8.4,6.1,16.9,269,5.6,2.33,0.3,0.16,0.04,1
4.9,5.93,15.8,256,2.9,1.74,0.16,0.09,0.02,1
5.5,5.8,15.4,282,2.62,2.66,0.1,0.05,0.03,13
3,5,15.1,237,2,1.54,0.09,0.05,0.01,3
4.4,5.26,11.4,220,1.45,2.66,0.14,0.08,0.02,6
6.4,4.87,14.6,352,3.62,2.35,0.25,0.13,0.04,13
5.8,5.96,16,342,2.29,3.13,0.23,0.14,0.03,1
5,5.14,11.3,35,4,2.02,0.18,0.08,0.02,4
8.9,4.58,14.3,447,5.23,3.18,0.35,0.07,0.05,13
8.2,6.02,15,233,4.66,2.95,0.4,0.11,0.05,1
7.9,6.58,13.7,338,4,3.3,0.22,0.32,0.06,1
8.1,5.59,13.2,338,4.44,2.85,0.45,0.31,0.06,13
6.5,3.8,8,440,2.58,3.05,0.67,0.12,0.05,0
3.7,4.39,11.8,319,5,1.73,0.15,0.38,0.02,3
5,5.09,14,149,1.79,2.79,0.26,0.03,0.09,13
5.5,6.6,17,249,2.17,2.51,0.22,0.45,0.03,1
5.9,5,13,481,2.74,2.6,0.4,0.08,0.04,5
5.1,4.77,12.3,217,2.34,2.39,0.16,0.15,0.02,13
6,5.81,13.1,268,3.65,2.06,0.16,0.05,0.03,1
4,4.69,12.4,261,4,1.85,0.18,0.24,0.03,3
6,5.6,14.1,303,3.22,1.96,0.09,0.66,0.03,11
5.4,5.44,13.1,230,2.21,2.67,0.25,0.21,0.03,13
5.9,4.65,12.8,226,3.52,2.08,0.18,0.08,0.02,13
2.1,4.5,14.4,254,3,2.39,0.12,0.05,0.02,3
4.5,4.64,13.5,288,2.08,2.11,0.16,0.1,0.02,13
5.8,6.09,17.5,252,1.98,3.09,0.27,0.4,0.06,1
5.3,6.2,17.9,218,2.29,2.43,0.39,0.11,0.1,1
5.9,6.21,17.7,274,2.18,3.23,0.28,0.09,0.08,1
4.5,5.81,16.6,55,4,2.26,0.13,0.45,0.03,4
6.3,6,16.9,216,2.9,2.91,0.28,0.16,0.04,1
5,4.92,12.8,245,2.34,1.88,0.26,0.46,0.02,13
6.1,5.31,13.8,45,2.72,2.63,0.27,0.42,0.03,4
6.9,5.48,13.4,331,3.1,3.14,0.29,0.35,0.03,13
3.9,5.35,15.1,359,4,1.92,0.16,0.13,0.02,3
5.2,5.83,15.5,295,2.03,2.86,0.13,0.1,0.03,13
9.2,6.03,15.2,361,4.8,3.41,0.54,0.41,0.06,1
4.8,5.74,16.3,286,2.14,1.89,0.19,0.61,0.03,6
5.2,4.91,13.2,301,1.85,2.55,0.26,0.52,0.03,6
2.8,5.73,15.5,279,5,1.44,0.14,0.1,0.01,3
6.5,3.37,4.6,308,3.6,2.37,0.19,0.28,0.02,0
4.5,5.5,15.9,192,2.41,1.51,0.18,0.38,0.01,13
6,5.32,13.7,281,1.87,3.65,0.16,0.26,0.04,13
5.7,4.88,13.4,269,2.57,2.15,0.19,0.73,0.03,11
4.3,4.7,14.5,314,2,2.28,0.12,0.09,0.02,3
4.3,5.31,16.4,310,2.01,1.74,0.33,0.23,0.04,3
5.8,5,13,628,2.84,2.43,0.16,0.32,0.02,5
6.8,5.02,13.1,336,3.12,2.81,0.31,0.49,0.05,13
4.7,4.49,12.3,350,2.27,2.1,0.15,0.15,0.02,13
4.8,6.16,16.2,194,2.72,1.47,0.2,0.36,0.02,1
4.3,4.53,14.5,209,2.39,1.49,0.2,0.17,0.02,13
7,5.55,16.5,374,3.38,2.7,0.28,0.62,0.05,11
5.3,6.71,15.7,286,2.94,1.97,0.16,0.21,0.02,1
5.3,5.24,15.5,302,1.95,2.99,0.11,0.27,0.02,13
6.1,4.89,15.3,154,3.79,1.95,0.13,0.18,0.03,13
6.1,4.48,12.4,212,3.89,2.04,0.09,0.04,0.02,13
6,5.26,12,255,2.37,3.43,0.15,0.04,0.02,13
5,5,12.5,225,2.47,2.26,0.17,0.1,0.03,13
5.7,5.39,12.7,409,3.23,2.21,0.18,0.05,0.02,13
5.5,4.81,13,346,3.23,1.92,0.15,0.2,0.01,13
6.5,4.95,13.1,212,3.47,2,0.24,0.73,0.03,11
7.4,4,10.5,401,4.71,2.13,0.25,0.33,0.02,0
30,6.73,15.2,286,2.32,2.06,0.16,0.07,0.03,2
4.5,3.81,10,210,2.54,1.61,0.16,0.17,0.02,0
5.4,5.26,14.9,243,2.92,2.06,0.27,0.1,0.03,13
4.4,5.42,13.8,227,1.56,2.55,0.16,0.13,0.02,6
4.6,4.36,13.6,334,1.34,2.43,0.2,0.04,0.02,6
6.4,5.14,15.1,258,2.98,2.91,0.13,0.37,0.03,13
5.8,4.37,12.5,310,2.43,2.77,0.17,0.41,0.03,13
5.4,4.76,7.3,269,2.07,2.84,0.16,0.27,0.03,0
4.8,4.78,13.3,230,2.4,2.12,0.2,0.08,0.02,13
25,4.98,14,317,5.91,3.29,0.25,0.47,0.05,2
5.4,5.44,13.8,159,2.93,2.08,0.17,0.17,0.02,13
8.2,5.48,16.1,307,2.53,2.34,0.34,2.92,0.05,11
6.2,5.78,15.1,286,4,1.78,0.22,0.14,0.02,13
6,5.11,14.2,265,2,2.35,0.21,2.38,0.04,11
5,4.74,13.4,301,2.54,2.07,0.15,0.21,0.02,13
19,4.91,13.3,201,1.99,2.69,0.18,0.03,0.01,2
6.4,4.75,12.1,303,2.73,3.17,0.25,0.22,0.03,13
5,4.22,13.2,209,2.28,2.22,0.3,0.18,0.02,13
4.8,5.08,13.5,214,2.33,2,0.21,0.25,0.2,13
6,4.95,13.6,243,2.48,2.99,0.29,0.19,0.05,13
5.5,3,9.8,198,3.12,2.09,0.16,0.1,0.01,0
6.6,4.78,14.3,439,3.92,2.16,0.26,0.18,0.04,13
6,5.25,14.6,29,2.01,3.15,0.3,0.48,0.04,4
5.8,4.63,13.2,268,1.2,1.97,0.19,0.45,0.03,6
4.8,4.35,13.4,543,2.44,2.05,0.16,0.07,0.02,5
5.3,4.76,12.5,199,2.32,2.68,0.22,0.04,0.03,13
4.9,4.37,13.7,211,1.77,2.55,0.19,0.38,0.02,6
5.1,4.32,13.5,225,2.7,2.09,0.22,0.1,0.03,13
8.1,5,13,477,3.92,3.22,0.31,0.56,0.04,5
8,6.01,14.2,290,3.32,2.96,0.41,0.23,0.06,1
4.6,6.06,13.8,189,2,2.39,0.2,0.31,0.02,1
6.3,5.47,15.9,265,2.24,3.16,0.33,0.46,0.06,13
4.6,5.3,16.3,278,1.63,2.48,0.27,0.17,0.04,6
5.6,5.64,16.2,242,3.08,1.95,0.27,0.26,0.03,13
6.9,5.56,16,291,3.27,2.7,0.35,0.57,0.04,13
3.3,6.42,16.7,330,2.3,1.61,0.15,0.03,0.02,3
4.2,4.66,14.2,254,1.95,1.85,0.08,0.35,0.02,3
6.9,4.93,14.2,183,3.75,2.47,0.25,0.39,0.05,13
4.4,4.92,16.3,206,2.67,1.54,0.09,0.04,0.02,13
6.3,4.39,14.3,239,2.88,2.92,0.18,0.3,0.03,13
6.2,5.15,13.8,223,3.1,2.47,0.14,0.43,0.03,13
7.4,5.54,15.1,654,4.32,2.84,0.14,0.07,0.04,5
5.3,5.72,15.5,252,2.48,2.37,0.15,0.22,0.03,13
6.8,5.58,16.2,251,3.24,2.9,0.13,0.5,0.03,13
6,5.39,13.9,316,2.94,2.1,0.13,0.8,0.03,11
5.9,5.23,15.1,206,2.51,3.08,0.08,0.2,0.02,13
5.1,5.12,8.3,324,2.37,2.42,0.13,0.14,0.01,0
6.9,5.36,16.3,263,2.43,3.02,0.21,1.17,0.03,11
9.2,6.17,16.5,217,5.72,1.85,0.3,0.41,0.06,1
9.3,5.22,13.6,341,5.45,3.28,0.28,0.26,0.05,13
4.9,5.19,13.1,76,2.17,2.45,0.17,0.1,0.03,4
5.2,5.73,14,290,2.95,1.99,0.13,0.13,0.04,13
8,5.51,14.6,289,4.29,3.35,0.23,0.13,0.05,13
7.6,4.93,12.9,306,4.72,2.38,0.3,0.14,0.05,13
6.2,4.77,13.3,373,3.06,2.8,0.28,0.06,0.04,13
6,5.46,16.7,265,3.45,2.3,0.18,0.29,0.03,13
5.8,6.03,16.9,236,2.84,2.27,0.17,0.46,0.03,1
6,5.14,15.4,200,2.64,2.84,0.26,0.23,0.03,13
3.8,5.95,15.8,341,1.64,1.91,0.15,0.12,0.03,3
5.1,5.18,14.2,196,1.96,2.1,0.11,0.9,0.04,11
4.6,4.6,13.9,279,2.76,1.6,0.14,0.06,0.03,13
4.6,4.89,13.2,228,2.31,2.05,0.12,0.09,0.02,13
4.6,6.21,16.2,216,2.85,1.61,0.09,0.05,0.03,1
4.4,4.37,13.7,213,2.2,1.92,0.1,0.18,0.04,13
5.7,6.2,13.9,459,2.04,2.72,0.11,0.23,0.03,5
8.7,4.79,13.9,277,4.64,3.05,0.29,0.65,0.04,11
3.7,5.52,16.2,223,2,1.99,0.07,0.27,0.04,3
8.6,6.03,14,227,5.24,2.73,0.23,0.37,0.04,1
5.1,6.16,17.9,289,2.89,1.66,0.16,0.38,0.06,1
6.2,5.48,16.4,236,2.74,3.01,0.18,0.24,0.03,13
6.1,4.7,13.9,185,3.54,2.14,0.07,0.36,0.03,13
8.1,5.14,14.2,321,3.64,3.72,0.16,0.49,0.06,11
6.3,4.84,13.4,308,2.57,2.28,0.2,0.08,0.04,13
5.8,5.5,15,555,3.05,1.94,0.13,0.34,0.03,5
4.3,5,15.9,45,1.89,1.92,0.11,0.29,0.04,4
5.1,5.64,15.1,294,3.07,1.68,0.11,0.24,0.04,13
3.8,5.59,15.1,212,2,1.67,0.11,0.34,0.03,3
5.8,5.31,16.9,189,3.45,2.2,0.08,0.03,0.03,13
5,5.56,15.4,256,2.17,2.31,0.12,0.39,0.04,13
4.2,5.26,16,238,2.45,1.51,0.09,0.11,0.03,3
4.5,6.13,15.8,220,2.42,1.65,0.19,0.05,0.02,1
3.4,4.13,13.6,271,4,1.78,0.15,0.19,0.02,3
6.6,4.92,13,395,2.73,3.59,0.19,0.1,0.04,13
8.2,4.91,12.9,404,4.49,3.32,0.23,0.16,0.05,13
8.3,6.28,17.6,314,4.17,3.3,0.21,0.45,0.09,1
8.1,5.49,11.6,350,4.12,3.72,0.06,0.1,0.05,13
5.8,4.82,13.4,644,2.98,2.63,0.12,0.05,0.04,5
4.2,4.21,14,250,1.86,2.12,0.12,0.03,0.02,3
4.5,5.51,15.4,255,2.17,2,0.08,0.25,0.02,13
4.8,5.55,15.4,176,2.44,2.1,0.2,0.1,0.01,13
5,6.18,18,271,2,2.29,0.07,0.45,0.05,1
3.9,5.53,17.2,224,2.16,1.57,0.1,0.08,0.02,3
4,5.6,16.6,228,2.15,1.57,0.17,0.12,0.03,3
4.1,5.83,15.7,257,1.79,1.98,0.08,0.26,0.03,3
4,4.49,13.6,221,1.95,2.33,0.06,0.04,0.03,3
6.4,4.53,12.6,500,2.49,2.41,0.12,0.45,0.03,5
4.1,5.66,13,208,2.32,1.53,0.1,0.17,0.02,3
5.6,5.21,14.3,291,2.08,3.07,0.23,0.19,0.05,13
11,5.03,14.1,293,2,4.34,0.19,5.05,0.07,11
2.1,5.72,15.4,153,2,1.75,0.07,0.16,0.06,3
3,5.01,14.9,223,3,2.19,0.12,0.22,0.02,3
4.8,6.79,15.2,274,2.17,1.95,0.19,0.37,0.08,1
4.3,4.6,12.8,295,2.15,1.96,0.13,0.1,0.02,3
5.7,4.7,13.5,183,2.36,2.98,0.16,0.18,0.04,13
6.8,4.69,11.3,320,2.4,2.95,0.23,0.22,0.3,12
5.6,5.41,14.4,181,2.65,5.5,0.3,0.34,0.02,9
4.9,5.13,12.7,273,1.97,2.47,1.2,0.2,0.25,10
7.8,4.48,14.7,249,8,0.8,1,0.44,0.05,7
4.9,4.77,12.9,361,3,5,0.44,0.2,0.25,9
15,5.22,13.9,199,4,1.3,0.8,0.08,0.04,2
7.3,5.6,14.1,345,3.62,3.24,0.25,0.15,0.05,13
5,4.46,11.3,278,3.76,4,0.22,0.08,0.24,12
7.2,4.91,13.2,278,3,0.85,0.35,0.08,0.04,8
4.7,5.36,16.2,234,2.59,5.4,0.25,0.09,0.2,9
6.8,5.82,18.3,87,3.8,2.3,0.3,0.4,0.07,4
5.6,4.59,14.7,320,1.84,0.5,0.16,0.07,0.04,8
4.5,6.57,11.4,279,1.86,1.92,0.13,0.06,0.01,1
4.3,5.73,16.6,219,2.09,1.98,0.13,0.04,0.04,3
9.6,4.5,13,517,4.81,4.32,0.21,0.23,0.05,5
7.1,4.8,12.3,193,3.11,3.61,0.21,0.16,0.04,13
5,5.19,14,218,2.65,1.98,1,0.2,0.02,10
9.9,5.03,14.5,282,8.3,3.86,0.18,0.35,0.08,7
6.6,5.39,12.4,265,3.49,5.1,0.2,0.07,0.04,9
7.6,5.88,16,329,3.18,0.67,0.29,0.45,0.08,8
4.8,5.73,17.1,287,2.11,1.94,0.11,0.23,0.27,12
6.2,5.58,14.4,286,2.1,2.54,0.13,0.14,0.02,13
4.2,5.06,13,205,1.88,2.03,1.2,0.13,0.02,10
6.1,4.76,13.6,269,2.49,5.3,0.13,0.44,0.04,9
4.6,5.1,14.8,269,8.3,2.11,0.2,0.06,0.02,7
4.8,5.17,13.9,248,2.37,1.9,0.1,0.36,0.02,13
4.5,5.36,14.1,40,2.63,1.49,0.14,0.23,0.02,4
4.5,5.52,16.9,252,2.26,1.83,0.18,0.12,0.03,13
1.3,5.32,14,240,3,2.16,0.16,0.19,0.02,3
7.9,5.66,15.9,233,5.18,0.5,0.24,0.23,0.06,8
10.7,5,13,444,6.1,4.05,1.2,0.25,0.07,10
5.1,4.5,13.7,213,2.52,2.41,0.12,0.06,0.02,13
4.6,4.9,14.1,261,3.79,4.8,0.14,0.32,0.3,12
6,4.61,12,288,2.06,3.53,0.14,0.28,0.02,13
5.2,5.17,13.4,240,2.14,2.71,0.15,0.14,0.02,13
5.8,5.26,14.4,65,5,1.6,0.37,0.29,0.03,4
4.7,5.75,13.8,222,1.92,2.3,0.16,0.31,0.43,12
5,5.28,13,281,2.78,0.76,0.05,0.03,0.02,8
4.7,4.96,13.6,276,2,2.67,1.5,0.32,0.03,10
7.1,5,12.7,278,3.94,6.7,0.36,0.28,0.05,9
4.5,5.95,16.5,237,8.6,2.3,0.18,0.12,0.04,7
5.1,4.55,12.5,302,8.9,2.13,0.11,0.2,0.03,7
4.7,5,15,21,2.15,2,0.11,0.11,0.05,4
7.1,5.67,15.6,267,2.24,2.79,0.19,1.85,0.06,11
5,5.77,14.7,254,9,2.09,0.06,0.28,0.09,7
5,4.5,4,226,8.9,3.56,0.11,0.12,0.03,7
8.4,5.37,14,198,4.07,5.9,0.15,0.21,0.07,9
5,6.12,17,154,1.98,2.28,0.1,0.56,0.04,1
7.1,4.98,14.3,260,4.19,2.63,0.09,0.13,0.04,13
7.1,4.85,11.6,224,3.32,3.43,0.45,0.21,0.4,12
7.6,6.4,13.7,257,3.76,3.53,0.13,0.13,0.05,1
4.6,5.12,14.1,210,2.51,0.87,0.19,0.06,0.02,8
4.5,5.59,15.3,209,2.06,1.91,1.3,0.31,0.03,10
4.5,5.54,16.4,23,4,2.11,0.15,0.22,0.03,4
5.5,5.65,12.2,346,3.44,1.7,0.17,0.13,0.02,13
4.9,4.15,11.9,270,2.46,6.3,0.07,0.22,0.098,9
5.5,5.81,15.7,176,1.91,3.25,0.14,0.21,0.03,13
4.7,5.89,16,55,4,2.83,0.15,0.32,0.03,4
10.5,4.9,13.2,305,64.02,31.02,3.03,2,0,
8,5.15,14.2,275,63.03,31.98,2.03,3,0,3
11.1,5.66,9.6,128,51.94,38.24,4.87,4.9,0,13
7,4.78,13.8,419,62.62,25.26,8.04,4.04,0,11
8.1,4.65,13.4,325,53.13,39.6,4.18,3.12,0,11
13.4,4.24,11.3,264,59.97,26.63,9.97,3.33,0,3
4.8,4.14,11.5,196,65.91,24.18,8.82,1.1,0,4
14,4.29,12.7,233,65.49,23.78,8.34,1.19,1.19,11
9.3,4.98,12.4,213,64.42,24.04,6.72,4.81,0,6
3.9,4.97,13.9,229,58.45,33.63,2.99,4.95,0,13
5.8,4.16,12,211,65.45,25.93,6.19,2.47,0,11
10.7,5.25,13.3,151,65.16,24.68,4.5,5.62,0,6
3.5,2.17,6.1,92,56.68,37.15,4.14,2.06,0,11
6.2,4.81,13.4,150,55.47,33.73,6.5,4.35,0,3
6.6,3.41,10.2,132,60,33.66,5.44,0.91,0,6
5.3,2.26,9.3,222,54.03,34.04,7.98,4,0,13
10.5,4.52,12,589,57.93,32.61,4.23,5.26,0,6
10.7,5.17,14.3,268,56.49,32.44,7.37,3.7,0,13
9.7,4.6,13.1,150,59.56,27.25,9.06,4.04,0,11
13.4,4.24,11.3,264,55.03,32.97,7.99,4,0,13
2.9,3.01,9,400,54.77,34.6,5.73,4.81,0,0
9.6,6.6,15.6,154,58.63,31.05,5.74,4.6,0,11
12.1,5.46,12.7,350,58.11,32.35,7.59,1.9,0,13
10.8,4.36,9.3,438,60.82,32.39,1.93,4.9,0,0
6.2,4.56,10.7,233,54.92,36.24,4.87,3.92,0,11
5.4,3.81,11.7,219,55.15,36.45,3.75,4.67,0,13
5.8,4.11,11.6,186,65.27,27.36,4.2,3.16,0,3
6.2,3.54,10.6,198,67.31,22.44,8.2,2.04,0,13
13.9,4.83,12.7,283,61.18,30.07,4.83,3.88,0,3
5.8,5.65,11.3,125,62.17,26.84,7.36,3.66,0,1
9.1,3.81,10.1,188,55.55,36.09,5.59,2.78,0,1
9.3,4.98,12.4,158,52.65,34.75,7.4,5.26,0,6
9.4,4.36,10.9,324,62.4,31.19,3.68,2.75,0,4
4.6,3.04,9.1,241,58.25,36.25,3.34,2.2,0,3
8.6,4.12,9.9,306,66.04,25.2,6.78,1.94,0,13
5.8,4.87,10.3,221,58.22,34.92,5.81,0.97,0,11
2.9,3.01,9,400,59.98,32.61,5.26,2.11,0,13
6.2,4.56,10.7,233,54.08,35.12,8.09,2.7,0,13
13.2,3.15,7.8,398,63.12,27.37,7.18,2.38,0,13
9.1,3.91,11.4,153,63.44,26.92,4.81,4.81,0,1
6.2,2.83,7.8,222,62.91,28.13,7.85,1.12,0,11
7.6,1.96,7.1,150,57.6,35.33,4.03,3.03,0,10
20.3,4.68,14.3,362,64.96,26.27,7.49,1.25,0,6
9.8,4.67,14.8,162,57.31,30.34,9,3.37,0,2
6,4.13,13.1,140,61.54,28.85,4.84,4.81,0,13
6.6,4.57,12.6,155,59.38,35.17,4.38,1.1,0,0
23.1,4.8,8.5,182,50.5,36.4,9.13,4.04,0,4
6.4,2.99,6.9,187,57.01,29.01,9.66,3.23,1.08,13
13.4,3.7,10.4,140,59.26,34.24,2.78,3.7,0,3
8.2,4.32,11.6,378,61.59,33.03,4.49,0.89,0,3
7,4.33,14.1,90,60.73,29.47,6.26,3.57,0,13
9.6,5.25,15.1,150,55.9,36.57,3.23,4.3,0,0
6.1,4.99,14.1,159,70.39,25.49,3.06,1.02,0,2
9.7,4.18,11,238,61.85,30.92,2.04,5.15,0,1
9.1,4.74,13.4,241,61.07,29.66,5.59,3.7,0,1
7.5,4.59,12,150,67.4,21.73,5.46,4.35,1.09,11
15.7,3.49,9.2,333,64.5,26.85,3.2,5.38,0,13
5.7,4.35,9.8,359,59.99,32.92,2.37,4.71,0,1
2.6,5.84,14.9,160,59.83,27.8,7.21,4.12,1.03,11
10.5,5.08,11,206,56.7,33.36,4.48,4.44,1.11,11
12.8,4.68,10.2,534,54.69,35.87,7.56,1.89,0,1
10.2,4.61,11.9,259,58.57,28.29,8.09,5.05,0,1
12.7,4.71,10,263,55.38,34.93,4.82,3.88,0.97,13
6.4,5.82,14.2,153,62.23,29.25,2.86,4.72,0.94,1
6.5,4.3,13.2,198,53.22,35.12,8.51,3.19,0,13
15.5,3.52,9.7,256,58.23,32.98,5.83,2.91,0,13
15.5,3.52,9.7,256,53.15,35.15,7.21,4.5,0,1
8.4,5.09,14.4,170,62.91,22.43,8.96,5.62,0,10
5.4,5.01,14.6,150,54.78,30.49,9.45,5.26,0,13
5.9,5.36,14.8,242,62.62,32.5,2.44,2.41,0,13
4.3,4.92,12.8,150,60.92,33.61,2.7,2.73,0,1
9.2,5.24,13.3,232,63.5,23.51,7.09,5.88,0,1
14,4.81,13.5,190,67.8,23.36,3.35,5.56,0,13
7.7,3.84,10.2,266,66.27,21.71,9.82,2.17,0,1
9.1,4.9,12.7,192,71.6,21.01,5.26,2.11,0,4
7.4,4.82,14.4,150,58.52,29.76,5.28,5.32,1.06,1
8,4.47,11.2,198,57.29,35.95,5.65,1.12,0,13
6.3,4.89,12.3,167,65.56,21.48,7.54,5.38,0,1
13.2,3.5,8.1,350,60.19,28.36,7.09,4.42,0,1
8,3.52,12,341,52.96,38.22,6.87,1.96,0,13
6.7,4.32,12.7,139,67.06,28.57,2.2,2.2,0,3
4.5,4.87,11.9,384,68,21.69,5.13,5.15,0,6
7.8,5.64,10,152,62.84,23.8,8.56,4.76,0,13
7.7,4.43,10.7,452,61.45,27.09,6.23,5.21,0,1
7.3,6.58,19.6,10,63.43,31.74,2.88,1.92,0,4
8.4,6.9,13.4,233,56.14,32.45,7,4.39,0,13
3.7,3.5,12,252,58.65,32.73,3.84,4.81,0,1
21.7,3.39,9.2,129,67.75,21.87,6.22,4.17,0,1
4.8,3.81,7.2,87,64.18,27.39,7.55,0.94,0,13
9.3,5.18,15,366,58.2,31.64,7.14,3.06,0,0
7.6,4.24,11.9,217,59.96,32.69,6.38,0.91,0,3
7.3,4.84,16,306,59.35,29.65,6.57,4.4,0,13
7.8,4.66,15.6,245,61.93,28.55,6.69,2.86,0,1
5.5,4.57,14.1,205,63.2,25.25,5.77,5.75,0,5
8.4,4.23,15.5,95,64.77,28.39,2.28,4.55,0,13
4.9,2.89,8,327,65.06,27.16,2.92,4.85,0,1
5.4,3.29,11.2,150,67.78,27.82,2.22,2.22,0,3
5.8,4.1,11.8,166,61.5,26.94,7.71,3.85,0,11
7.6,4.21,13.6,150,65.17,29.22,3.4,2.25,0,13
7.1,4.07,10.7,220,60.18,27.22,8.77,3.88,0,13
9,4.58,13,262,59.28,34.28,2.8,3.7,0,3
7.7,4.43,10.7,452,62.77,33,2.15,2.13,0,13
10.5,4.21,11.3,194,64.39,26.73,5.96,2.97,0,1
3.1,3.51,11.2,74,64.36,31,3.43,1.15,0,1
12.6,5.07,14.9,157,56.39,31.59,7.7,4.27,0,1
4.2,4.76,13.4,140,51.89,36.15,8.36,3.7,0,4
5.8,3.21,8.6,373,56.79,30.61,8.14,4.5,0,1
13.2,3.82,11.2,211,68.1,27.68,2.09,2.13,0,13
6,3.51,9.5,158,59.54,31.91,3.22,5.32,0,4
5.6,4.32,15.2,334,56.31,37.86,3.86,1.94,0,13
4.4,4.74,10.4,152,59.16,30.45,5.19,4.35,0.87,3
9.6,3.59,10.9,155,68.45,24.25,5.3,1.05,1.05,13
17.5,6.05,15.9,185,66.26,29.06,3.47,1.16,0,1
3.1,3.37,10.6,78,67.7,22.26,9.11,1.01,0,6
5.7,4.46,13.4,32,67.03,28.02,4.01,1,0,6
10.6,3.9,12,275,66.35,27.9,4.84,0.96,0,3
9.1,4.4,10.8,206,58.33,34.4,5.23,1.04,1.04,0
4.4,4.16,12.3,115,56.52,32.6,8.66,2.17,0,13
5.9,3.17,10.3,120,59.79,33.04,2.69,3.57,0.89,13
11.7,3.92,12.2,180,60.8,31.99,2.1,5.15,0,11
8.4,5.17,13.7,120,60.89,33.7,3.23,1.09,1.09,3
6.1,4.5,13.1,140,63.48,30.81,3.89,1.92,0,3
8.7,3.58,10.2,272,61.74,31.38,4.93,1.96,0,5
5.4,4.79,13.8,267,54.15,39.55,3.16,2.08,1.04,13
6.5,4.22,11.5,222,58.06,36.19,1.89,3.81,0,13
10.2,5.19,15.1,154,57.39,30.53,7.44,4.63,0,1
8.5,3.96,7.8,268,62.98,28.42,3.73,4.94,0,13
8.7,4.54,13.5,214,55.88,34.41,6.43,3.23,0,11
5.5,2.77,10.3,122,59.34,29.65,8.8,2.2,0,1
5,4.86,13,249,58.28,36.88,1.96,2.91,0,13
6.8,4.74,12.9,135,61.26,33.3,4.33,1.08,0,13
5.8,4.1,11.8,165,58.68,35.58,4.81,0.96,0,13
7.7,4.56,11.9,241,63.62,28.39,3.42,4.55,0,13
8.9,3.87,11.1,183,59.23,34.25,1.84,4.63,0,13
9,4.45,10.8,188,57.36,33.05,6.93,2.61,0,13
9,4.64,13.3,226,60.26,27.29,6.85,5.68,0,13
11.8,4.12,11.9,214,64.55,29.19,2.08,4.17,0,11
9.4,3.73,8.6,258,69.1,22.72,7.2,1.03,0,0
32.7,3.47,9.9,357,53.79,31.15,9.65,5.38,0,2
8.8,4.53,10.8,348,56.99,33.3,5.29,4.39,0,0
8.7,4.54,13.5,214,66.7,23.62,8.61,1.08,0,13
6.5,4.22,11.5,222,59.03,34.03,3.97,3,0,6
6.8,4.47,12.9,135,70.08,22.97,5.77,1.15,0,6
7.9,2.88,9.1,497,56.65,28.92,8.86,5.56,0,13
10.2,3.96,10.9,317,54.77,32.67,9.46,3.16,0,13
5.3,4.21,7,365,57.84,35.31,3.96,2.94,0,0
5.6,4.1,11.3,134,54.29,41.47,3.21,1.06,0,13
8.3,5.39,14.1,130,66.69,25.83,2.16,5.38,0,2
5.8,4.1,11.8,165,64.59,23.92,7.29,4.17,0,13
7.4,4.95,13.3,198,61.49,28.48,5.52,4.59,0,11
7.1,3.85,13.4,140,52.54,39.39,6.05,2.02,0,13
5.3,2.26,9.3,222,56.59,37.36,2.06,4.04,0,11
3.9,4.97,13.9,229,57.81,33.05,6.44,2.75,0,13
7.6,2.89,9.6,207,61.1,33.6,1.81,3.54,0,2
7.2,3.36,13.2,150,66.02,28,2.99,3,0,13
16.9,2.96,8.1,127,63.55,23.99,9.35,3.12,0,13
4.9,3.34,10.3,24,69.11,22.36,4.29,4.26,0,13
3.4,2.55,8.1,112,64.18,24.24,8.44,3.16,0,13
5.2,4.19,12.7,52,68.05,22.34,6.35,3.19,0,0
5.5,3.74,11,36,60.22,34.66,3.02,2.04,0,13
2,3.18,9.7,84,65.1,24.45,4.64,5.81,0,4
4.3,2.71,8,32,68.34,22.75,2.93,4.95,0.99,6
8.8,4.42,12.3,47,61.35,28.44,7.96,2.27,0,5
6.5,2.53,7.7,90,58.16,30.25,6.95,4.65,0,13
6.3,3.53,10.6,221,63.43,27.85,7.68,0.96,0,6
8.1,3.41,10.2,210,55.88,40.85,2.12,1.08,0,13
5.1,3.54,10.3,215,60.19,36.91,1.91,0.97,0,5
6.8,3.33,9.9,252,62.97,31.03,4.01,2,0,1
8.9,3.44,10.2,223,67.67,22.2,8.1,2.02,0,1
6.3,4.18,12.4,162,54.66,32.97,9.28,3.09,0,13
5.1,3.63,12.5,216,60.9,33.65,4.54,0.91,0,6
9.6,4.71,13.6,148,58.72,29.35,7.58,4.35,0,13
4.7,5.5,14.6,102,60.77,31.77,3.73,3.74,0,13
4.7,3.7,11.2,89,65.82,26.32,6.59,1.32,0,3
4.4,3.48,13.9,84,70.8,24.71,3.34,1.12,0,3
6.3,4.86,11,258,64.66,27.27,7.09,1.01,0,13
8.4,4.75,13.2,157,67.46,26.76,3.51,2.33,0,13
8.1,4.73,13,252,58.2,31.82,8.17,1.82,0,13
6.6,4.68,14.2,131,62.9,27.63,7.65,1.9,0,13
7.2,3.48,11.5,246,55.79,32.6,6.35,5.26,0,5
8.6,4.87,11.2,417,58.11,31.44,6.69,3.81,0,13
9.2,4.74,13.8,191,56.24,34.37,5.2,4.17,0,13
3,4.47,11.2,103,62.1,24.11,10.35,3.45,0,11
5.2,4.18,12.1,153,65.23,26.13,6.5,2.17,0,13
6.2,4.33,12.6,168,63.96,27.87,2.29,5.81,0,0
6.6,4.86,12.5,282,61.55,27.44,5.46,5.49,0,11
12.2,5.59,13.9,197,61.14,31.05,3.85,3.88,0,1
9.1,4.55,13.8,253,65.25,30.41,2.14,2.17,0,13
7.3,4.38,13.8,185,57.42,31.45,8.35,2.78,0,4
11.7,4.53,11.2,311,57.95,37.48,2.23,2.27,0,13
19.5,4.18,11.3,140,64.4,29.87,4.58,1.15,0,13
9.1,4.52,12.6,392,58.98,33.36,5.96,1.71,0,13
8.2,3.78,11,151,68.86,27.26,2.64,1.3,0,13
17.3,4.65,11.9,449,61.92,28.24,8.71,1.09,0,13
6.5,4.11,9.5,176,67.65,24.54,4.92,2.94,0,1
8.4,4.46,15,152,59.67,31.58,5.3,3.51,0,13
8.8,4.91,13.9,266,71.28,24.16,2.3,2.3,0,3
5.7,4.4,13.1,105,69.2,24.15,5.5,1.1,0,11
10.8,4.03,10.9,289,67.08,27.3,3.38,2.27,0,13
7.1,5.04,13.6,150,64.54,25.77,5.39,4.3,0,13
10.3,4.16,12.1,166,62.99,24.7,7.42,4.94,0,1
9.3,4.61,12.3,195,61.05,28.4,5.23,5.26,0,13
12.1,5.31,13.9,275,62.85,29.54,3.78,3.81,0,5
10.6,5.13,14.2,499,59.1,26.17,10.19,3.41,1.14,11
13.5,4.33,12.5,352,58.48,34.05,6.35,1.06,0,3
4.5,4.55,13.1,153,52.42,33,8.74,4.85,0.97,1
4.3,4.62,13.7,152,56.81,31.56,7.35,3.16,1.05,1
7.1,4.54,11.4,154,61.54,27.88,8.69,1.92,0,13
26.9,5.89,15.2,240,71,23.67,3.23,1.08,1.08,13
6.4,4.78,13.1,170,58.02,33.02,3.99,4,1,11
9.1,4.15,10.9,230,54.72,36.85,7.34,1.05,0,13
7,4.57,12.4,257,65.11,27.36,4.7,1.89,0.94,5
8.7,4.76,13.5,242,61.71,27.12,5.59,4.67,0.93,4
6,4.93,13.3,157,60.19,31.63,3.06,5.1,0,13
10.3,2.97,9.4,179,57.77,31.14,4.46,5.56,1.11,3
7.1,4.58,10.4,193,68.35,20.43,7.13,4.08,0,13
9.3,4.61,12.3,196,65.67,23.52,6.88,2.94,0.98,13
7.1,5.04,13.6,150,59.44,35.1,2.73,2.7,0,3
16.2,2.26,8.4,181,59.09,30.71,9.12,1.14,0,1
4.7,3.78,12,178,57.12,32.97,5.52,4.4,0,3
13,4.05,12.7,433,57.9,32.65,3.16,5.26,1.05,13
7.8,1.91,4.2,216,65.98,21.27,7.46,5.32,0,13
5.4,3.96,11.3,301,59.79,36.43,1.84,1.87,0,1
15.3,3.94,12.4,247,61.73,31.91,4.24,2.13,0,13
10.2,6.05,12.9,169,62.34,28.25,3.51,5.88,0,5
4.5,4.09,13.3,242,57.3,30.95,7.28,4.55,0,3
3.5,4.14,13,100,60.67,26.98,7.88,4.49,0,13
5.2,3.65,12.2,261,56.7,34.41,5.59,3.33,0,13
4.3,3.84,12.8,202,63.17,25.24,9.44,2.11,0,1
5.7,4.29,11.9,80,55.79,34.6,6.77,2.88,0,3
5.3,4.8,15.1,70,53.58,37.15,5.15,4.12,0,3
7.8,1.91,4.2,216,59.8,31.95,3.08,5.15,0,3
4.5,3.92,12.3,191,55.28,36.18,5.3,3.19,0,3
8.9,4.33,12.3,461,53.11,35.38,6.23,5.21,0,5
13,2.83,9.7,280,62.87,25.81,6.22,5.15,0,3
19.3,4.3,13.9,385,60.84,31.98,6.16,1.03,0,13
9.9,4.7,12.9,281,53.7,36.08,7.41,2.78,0,11
8.4,5.81,14.8,212,57.16,33.07,7.13,2.68,0,3
8.5,4.13,12.6,276,58.74,34.04,2.06,5.15,0,3
22.9,5.55,14.3,151,62.09,24.12,9.19,4.6,0,1
13.3,5.5,15.9,373,61.2,28.54,9.18,1.02,0,3
7.6,4.76,13.4,276,61.46,28.92,3.6,6.02,0,13
7.2,5.34,13.1,233,57.12,34.79,6.25,1.79,0,12
13.8,5.44,14.8,303,65.49,23.81,8.34,2.38,0,9
14.8,4.34,14.4,153,69.55,26.81,2.44,1.22,0,10
13.3,5.5,15.9,373,59.32,27.5,8.83,4.4,0,7
22.9,5.55,14.3,151,63.08,23.34,8.77,4.85,0,9
9.6,3.17,9,166,67.67,24.27,5.04,3.03,0,2
3.6,3.12,8.4,130,70.51,25.66,2.52,1.28,0,13
7.2,3.94,7.8,152,52.39,34.92,8.73,3.88,0,12
9,3.75,9.2,392,58.52,34.27,4.54,2.7,0,8
10.1,3.24,13.4,237,58.48,31.16,8.48,1.89,0,9
5.9,5.33,8.4,248,58.73,33.67,5.4,2.17,0,4
8.2,3.41,9.5,153,63.29,29.57,4.1,3.06,0,8
8.1,4.77,11.5,238,57.43,33.89,7.79,0.87,0,1
5.8,4.11,11,130,59.33,32.76,6.21,1.77,0,3
11.2,4.35,13.4,158,58.15,30.59,6.12,5.1,0,5
28,3.7,11.6,285,65.97,22.31,8.52,3.19,0,13
8.6,4.41,11,298,60.22,32.78,4.42,2.65,0,10
11.1,4.92,13.3,125,61.91,30.96,4.74,2.38,0,7
13.4,4.92,14.8,152,56.41,33.65,8.89,0.99,0,9
23.6,4.54,13,239,54.82,32.22,7.53,5.38,0,8
13.1,5.39,14.4,377,56.44,36.61,5.95,0.99,0,12
11,3.95,10.8,532,60.17,30.1,4.87,3.88,0.97,13
6.5,3.34,9,153,62.03,24.99,8.96,4,0,10
6,5.03,12.9,230,50,39.01,9.03,2,0,9
12.8,5.55,15.5,188,58.54,34.05,5.35,2.13,0,7
11.6,5.46,12.8,332,61.29,35.15,1.77,1.8,0,13
23.4,4.65,13.4,272,61.29,33.04,1.87,3.77,0,4
7.1,4.48,12.9,247,55.86,36.23,6.87,0.98,0,13
5,4.71,12.1,321,58.18,33.71,7,1.16,0,3
8.1,3.68,10.5,154,65.65,27.26,5.05,2.02,0,8
12.5,4.34,11.8,367,54.17,34.55,6.51,4.67,0,10
7.8,3.67,10.2,298,68.9,22.23,7.8,1.11,0,13
13,3.92,11.9,235,63.8,28.73,3.2,4.26,0,12
8,5.53,13.9,186,62.61,25.22,9.1,3.03,0,13
12.7,4.05,8.5,534,62.79,25.55,8.55,3.19,0,13
8.1,4.86,12.9,353,53.56,34.31,9.12,3.03,0,4
42.4,4.36,11.4,167,57.33,35.44,2.06,5.21,0,12
8.3,5.17,14.6,251,65.86,24.72,7.1,2.35,0,8
6.9,3.34,10.8,105,62.05,22.96,10.34,4.6,0,10
7,4.19,12.8,271,60.01,30.03,4.97,5,0,9
5.9,3.68,12.9,183,60.81,28.47,6.86,3.92,0,7
12.7,3.51,10.5,291,59.67,32.42,4.42,3.51,0,7
11.6,4.12,13,172,58.44,36.65,2.98,1.98,0,4
5.7,4.14,13.6,262,56.74,34.64,5.8,2.88,0,11
11.3,5.8,15.1,282,62.5,28.13,7.31,2.08,0,7
6.1,4.8,13.8,200,55.99,34,5.02,5,0,7
14.8,4.1,11.1,267,66.35,26.73,1.97,4.95,0,9
9.7,4.03,9.8,150,51.98,35.27,7.82,4.9,0,1
4.8,4.01,12,130,58.63,35.61,3.44,2.3,0,13
8.4,4.11,10.3,253,62.96,27.01,6.04,4,0,12
7.5,4.21,11,257,60.75,32.33,2.95,3.92,0,1
10.6,4.03,11.6,336,70.12,26.42,2.27,1.15,0,8
8.2,5,12.1,320,64.38,22.95,6.88,5.75,0,10
8.9,4.79,12.1,265,65.37,25.61,3.82,5.13,0,4
12.9,4.98,12.6,244,59.06,36.17,3.82,0.95,0,13
4.3,4.02,9.8,176,60.61,33.63,1.89,3.85,0,9
9.9,2.94,11.8,188,62.24,31.16,1.87,4.72,0,13
11.1,3.71,10.6,249,59.21,35.71,2.07,3.06,0,4
5.1,5.33,16,87,66.63,24.26,4.07,5.05,0,3
10.8,3.66,7.4,434,62.64,30.8,4.37,2.2,0,13
17.7,5,13.5,313,62.94,25.94,6.17,4.94,0,11
6.5,3.51,11.1,290,56.35,33.61,6.38,3.64,0,11
9.2,2.25,8.1,140,59.74,28.74,9.16,2.3,0,3
21.1,4.82,12.1,159,66.3,28.55,3.06,2.04,0,4
7.8,3.77,10.3,140,66.24,24.11,6.02,3.61,0,11
11.2,3.94,11.2,100,66.01,27.19,2.91,3.88,0,6
8,4.73,14.6,341,54.36,33.96,7.78,3.88,0,13
8.2,2.96,9.3,283,58.4,31.69,6.95,2.97,0,11
13.7,1.92,6.9,273,63.75,30.75,4.42,1.1,0,6
8.7,3.16,8.5,213,54.83,34.42,7.51,3.23,0,11
4.6,5.08,14.3,207,63.36,27.68,3.97,4.95,0,3
7.8,5.57,14.3,195,56.28,31.21,8.36,4.17,0,6
14.6,3.43,8.3,303,62.34,27.09,8.21,2.35,0,13
16.6,3.75,10.5,201,69,21.02,5.04,5,0,6
8,4.51,13.1,267,60.25,28.43,6.8,4.55,0,13
14.8,4.16,11.3,167,62,30.59,4.61,2.78,0,11
5.8,4.85,11.3,510,63.12,27.4,3.55,5.95,0,13
6.8,4.41,9.9,294,65.39,24.74,4.93,3.96,0.99,0
7.6,1.36,5.2,139,56.45,35.22,7.42,0.93,0,11
3,3.85,11.1,60,70.22,26.61,2.1,1.06,0,13
8.1,4.12,11.2,204,69.42,24.7,3.5,2.35,0,0
7.9,3.82,10.8,158,51.01,37.79,7.11,4.08,0,11
10,3.24,8.4,208,65.02,31.05,2.95,0.97,0,13
7.6,3.59,11,156,64.39,26.92,5.78,2.88,0,3
10.5,5.08,14.8,356,57.81,34.86,3.64,3.67,0,13
9.1,3.96,11.3,184,60.39,30.16,6.63,2.83,0,3
6.6,5.17,12,660,59.23,29.15,8.7,2.91,0,1
5.3,5.03,13.8,226,68.82,25.99,3.87,1.3,0,1
5.9,4.22,11.2,35,58.44,29.2,7.83,4.49,0,6
6.3,4.61,13.4,211,59.97,29.56,6.12,4.35,0,4
10.9,4.06,11.7,191,68.57,22.48,7.86,1.12,0,3
8.3,5.27,15.6,234,60.85,33.68,4.35,1.09,0,13
6.2,4.36,12.9,278,60.62,26.24,9.07,4.04,0,11
5.3,5.94,16.2,160,52.08,35.42,8.31,4.17,0,13
7.1,4.08,12.6,183,54.46,37.63,4.92,2.97,0,13
9.2,4.47,13.2,90,67.39,21.06,7.4,4.21,0,13
4.5,5.11,13.7,192,60.99,34.32,1.92,2.86,0,1
6.7,4.24,13.1,217,60.18,31.89,7.06,0.88,0,11
3.5,4.33,13.9,151,66.67,24.42,6.63,2.22,0,10
2.6,4.62,14.7,150,56.06,34.03,4.41,5.49,0,6
9.2,4.47,13.2,90,68.52,27.16,3.25,1.09,0,2
4.7,4.9,12.7,210,57.32,33.75,4.46,4.49,0,13
10,4.63,13.3,271,63.82,26.5,3.64,6.02,0,0
8.1,3.5,11.1,283,66.7,27.27,4,2.02,0,4
5.8,3.79,12.1,390,57.8,36.7,3.31,2.22,0,13
11.1,4.62,14.7,170,59.07,31.41,6.63,2.86,0,3
9.8,4.1,13.1,265,59.81,29.93,5.14,5.15,0,3
7.6,3.17,9.7,178,67.43,25.33,3.61,3.61,0,13
4.2,3.47,12.1,180,59.79,30.88,8.41,0.93,0,0
2.4,4.52,14.7,149,62.54,29.16,3.1,5.21,0,2
10.2,4.53,13.2,269,73.4,23.41,2.16,1.06,0,1
11.5,3.45,12.5,264,60.68,32.14,3.58,3.57,0,1
4.5,3.54,11.9,179,60.34,32.99,1.91,4.72,0,11
7.2,4.76,14.4,244,67.74,22.59,6.46,3.23,0,13
6.7,4,12.9,312,65.12,23.57,6.57,4.72,0,1
8.7,4.66,12.2,266,62.53,32.27,2.06,3.12,0,11
7.7,3.42,9.8,457,62.67,28.94,6.02,2.41,0,11
6.7,4.65,9.5,200,66.63,21.22,8.05,3.03,1.01,1
4.4,4.86,13.5,180,57.53,33,6.63,1.89,0.94,1
5.6,4.85,15,215,68.81,25.82,2.18,3.23,0,13
9.2,4.47,13.1,329,58.6,30.62,6.34,4.5,0,1
6.5,4.75,13.2,174,54.52,31.35,9.1,5.05,0,13
8.8,4.95,15.2,279,59.08,29.12,7.27,4.55,0,13
5.1,4.92,12.7,196,47.76,42.03,6.82,3.41,0,1
8.3,3.83,9,177,50.47,39.56,4.93,3.96,0.99,10
7.6,5.63,14.5,243,60.86,26.08,8.7,3.26,1.09,13
5.2,4.53,14.9,238,54.09,37.85,5.37,2.7,0,13
10.2,5.72,13.9,341,62.82,25.57,7,3.49,1.16,1
10.6,4.46,11.5,210,56.83,33.3,6.89,2.94,0,1
7.6,5.91,17.1,152,63.87,28.94,3.58,2.41,1.2,13
6.4,4.72,12.7,159,58.42,33.67,4.94,1.98,0.99,1
8.7,4.76,15,327,52.65,39.49,3.91,3.95,0,4
10.8,4.51,14.7,448,56.44,37.62,2.98,1.98,0.99,1
8.8,4.93,15.7,314,65.25,26.08,6.5,2.17,0,13
8.5,5.31,14.8,255,58.26,35.95,2.9,1.94,0.97,1
10,5.11,14.3,265,60.28,27.75,6.01,4.82,1.2,1
8.3,4.7,13.8,226,59.97,28.58,8.56,2.86,0,13
6.5,4.24,14,396,52.37,35.69,8.34,2.38,1.19,3
4.6,5.05,16,205,57.02,36.53,2.17,4.3,0,6
4.7,4.06,7.2,177,52.12,42.57,3.21,1.06,1.06,13
8.5,4.4,13.3,171,48.82,38.1,9.53,3.57,0,1
6.7,4.05,11.9,346,63.84,28.74,4.23,2.13,1.06,4
10,4.61,13.3,429,54.67,36.08,7.22,1.03,1.03,13
8.2,4.3,14.3,177,61.98,26.05,8.73,3.26,0,1
5,5.26,16.2,417,61.13,27.81,5.55,4.44,1.11,1
4.8,4.76,15,166,50.56,37.93,6.93,3.45,1.15,13
5.2,5.67,15.1,172,55.94,30.94,9.55,3.57,0,0
8.9,5.37,13.9,445,60.84,28.28,7.58,3.26,0,3
9.2,6.08,15.6,263,54.73,38.96,5.27,1.05,0,13
8.2,4.06,12.9,436,53.4,37.46,6.83,2.27,0,1
10.3,5.6,16.9,391,54.09,36.72,5.5,2.75,0.92,5
7.4,5.34,14.4,444,57.47,37.92,3.47,1.15,0,13
4.6,4.41,8.5,203,55.67,36.74,3.76,2.53,1.27,1
5.7,5.45,13.9,427,62.41,30.67,5.92,0.99,0,3
4.8,3.79,9.2,248,62.08,29.59,5.55,2.78,0,11
5.6,5.32,14.2,152,56.65,33.3,7.8,1.11,1.11,13
7.9,4.72,10.1,428,61.92,28.24,7.63,2.17,0,13
6.3,4.28,14.6,447,64.66,25.22,6.08,3.03,1.01,3
9.8,4.77,16.1,384,58.36,33.3,6.46,1.85,0,13
7.8,5.96,15.6,265,62.63,29.94,2.76,3.74,0.93,1
9.7,5.25,14,252,50.02,42.99,3.48,2.33,1.16,1
8.3,4.71,12.2,236,69.83,23.93,3.15,2.08,1.04,1
10.9,4.74,14.5,184,64.98,22.04,8.02,4,1,4
4.2,5.3,12.7,326,68.38,25.48,5.11,1.02,0,1
9.2,5.53,15.3,170,51.68,42.68,3.4,2.25,0,13
10.3,5.75,15.5,231,53.34,34.3,7.65,3.81,0.95,4
9.8,4.83,7.9,406,57.14,36.23,3.28,2.2,1.1,13
6.9,5.08,16.5,337,59.97,30.56,4.22,4.21,1.05,3
10.3,4.75,12.2,189,57.52,32.08,6.63,2.83,0.94,13
6.9,4.41,13,424,60.02,35.28,2.33,1.18,1.18,1
7.8,5.38,15.2,231,48.41,39.77,7.52,4.3,0,6
9.7,4.32,14.3,244,60.49,31.61,5.28,2.63,0,6
5.3,5.69,16.7,427,56.97,37.96,2.03,3,0,3
7.1,5.94,15.2,309,55.29,33,7.46,3.19,1.06,0
6.8,4.62,12.4,380,54.55,33.35,7.11,4.04,1.01,13
4.9,4.85,16.3,267,61.1,31.89,3.52,2.65,0.88,13
9.5,3.81,10.5,205,60.03,24.72,9.41,4.71,1.18,11
4.9,5.25,12.9,229,57.29,33.3,5.99,2.56,0.85,3
9.8,5.37,16.2,327,54.34,36.99,5.43,2.17,1.09,3
4.9,4.74,17.1,397,54.31,38.08,3.24,3.26,1.09,5
6.7,4.24,9.4,402,50,38.89,7.8,2.22,1.11,13
4.2,5.11,12.6,157,55.56,33.35,7.76,3.33,0,13
10.6,4.11,8.2,279,56.98,35.45,4.32,2.15,1.08,1
7.7,3.67,10.1,286,47.68,41.83,4.65,4.65,1.16,13
4.1,4.49,10.8,286,53.87,35.91,6.38,3.85,0,11
4.5,4.94,11.2,432,56.53,38.37,2.03,3.03,0,1
10.1,5.46,16,362,58.64,34.59,3.81,2.88,0,13
9.2,5.16,14.1,291,67.35,29.61,2.05,1.02,0,13
6.4,5.74,16.9,277,52.06,40.8,2.01,4.08,1.02,13
6.8,5.03,15.8,382,59.18,33.65,4.1,3.06,0,13
4.9,4.02,8.3,382,67.63,28.47,2.92,0.98,0,13
7.1,5.79,14.6,361,63.44,29.8,4.84,0.96,0.96,13
8.5,4.21,12.7,435,64.06,28.18,4.88,1.94,0.97,13
6.6,5.63,17,443,52.55,32.05,8.95,5.13,1.28,11
8,5.92,16.6,384,57.96,35.5,3.75,1.87,0.93,0
7.8,5.47,16.7,328,64.61,24.37,7.28,2.44,1.22,2
9,5.77,17,393,73.39,21.26,3.2,1.06,1.06,0
9,5.51,16.5,176,50.98,39.19,6.82,2.94,0,13
9.7,5.3,11,330,68.35,25.53,3.08,3.06,0,6
10.1,3.67,7.3,220,60,34.44,3.3,2.22,0,6
4.7,6.09,15,188,62.61,32.29,4.04,1.01,0,13
7.2,5.35,13.6,219,62.17,28.34,5.39,2.7,1.35,13
10.5,5.63,14.1,388,56.62,33.71,3.64,4.82,1.2,0
6.4,4.06,9.9,264,54.01,34.49,8.04,2.3,1.15,13
9.7,4.37,13,213,65.77,26.28,3.94,2.63,1.32,2
7.5,4.87,13.8,293,60.29,28.18,9.01,1.28,1.28,13
8.9,5.39,15.1,167,70.72,25.29,3.05,1.01,0,11
6.5,5.27,15.8,346,60.89,32.63,3.23,2.17,1.09,13
5.9,3.86,11.6,261,62.73,31.93,4.25,1.06,0,11
9.9,4.73,13.7,226,46.6,43.22,5.67,3.41,1.14,13
4.2,5.82,15.7,181,59.12,30.12,5.34,4.3,1.08,2
5.4,5.22,13.7,264,50.58,36.79,8.03,3.45,1.15,13
6.6,5.16,11.9,178,62.63,30.74,3.26,2.2,1.1,13
8.6,5.07,12.7,382,51.1,35.26,9.13,4.55,0,13
8,4.38,14.7,178,64.67,28.41,2.9,2.94,0.98,13
9.3,4.87,15.1,151,49.39,42.14,3.58,4.82,0,0
5.2,4.95,14,158,54.91,34.15,4.9,4.88,1.22,13
5.5,4.88,10.9,444,64.37,29.74,3.95,0.99,0.99,4
8,5.73,9.7,265,65.93,27.25,4.56,2.27,0,6
4.6,4.78,14.1,190,61.38,29.7,4.94,2.97,0.99,5
7,6.04,12.5,261,66.99,25.8,3.05,4.12,0,13
7.5,5.8,13.9,337,68.99,23.03,6,2,0,6
9,4.83,9.1,170,65.88,25.89,5.89,2.35,0,13
5.2,4.23,13.7,227,53.73,37.65,5.39,2.15,1.08,5
6.7,4.99,13.3,396,58.31,36.11,2.78,2.78,0,1
7.5,5.96,14.2,200,66.7,24.17,4.58,3.45,1.15,1
4.9,6.07,16.9,346,69.31,25.01,2.23,3.41,0,13
5.2,5.86,15.9,250,59.19,35.91,2.92,1.94,0,6
5.2,5.66,13.9,170,65.38,24.77,6.95,1.98,0.99,13
4,5.28,8.1,412,56.93,35.43,5.02,2.53,0,13
8.3,5.88,14,444,58.14,33.65,5.11,3.06,0,3
8.2,5.75,11,350,69.83,25.01,2.08,2.08,1.04,3
7.6,5.93,15.8,321,60.23,29.54,5.69,3.41,1.14,13
7.5,5.54,14.9,373,68.57,24.41,4.62,2.33,0,13
9.9,4.77,16.6,400,57.68,34.11,5.85,2.35,0,13
7,4.53,14,268,52.56,38.39,6.06,3.03,0,13
8.2,5,13.9,177,55.42,37.58,3.98,1.98,0.99,5
5,3.5,10.7,310,53.31,37.36,5.33,2.67,1.33,13
6.7,5.53,15.6,217,56.84,33.68,7.35,1.05,1.05,13
6.4,5.27,12,341,53.84,35.89,5.15,3.85,1.28,11
6.8,5.25,12.1,274,62.02,29.12,6.35,1.27,1.27,13
5.2,4.77,14.6,309,51.07,40.18,4.32,3.26,1.09,0
8.4,5.39,14.8,414,60.62,34.06,3.21,2.13,0,11
10.8,4.31,9.3,160,65.35,28.87,2.87,2.88,0,1
5.4,4.89,14,436,47.8,41.14,5.58,4.44,1.11,13
6.3,4.97,13.1,395,59.62,29.82,6.75,3.85,0,4
9.1,4.85,14.1,269,55.13,39.05,2.28,2.3,1.15,13
5.6,4.18,12,238,50.53,37.87,8.46,2.11,1.05,13
8.5,5.85,15.2,316,62.24,32.26,3.3,2.22,0,13
5.9,5.42,14.7,164,67.81,23.32,7.79,1.11,0,13
4.3,5.65,14.2,184,53.74,36.82,6.63,2.83,0,13
7,6,9.2,300,64.25,28.59,4.79,2.38,0,1
9.2,5.94,12.5,187,69.74,21.23,6.04,2.02,1.01,13
6.8,4.2,10.9,297,60.2,34.39,2.12,2.15,1.08,3
6.4,4.72,13.7,249,64.57,24.97,6.26,3.12,1.04,11
9.2,3.86,8.9,295,61.4,23.9,9.11,4.55,1.14,13
5.1,4.99,13.4,421,55.63,33.96,7.58,1.89,0.94,13
9.6,4.29,15,232,59.31,34.06,5.48,1.1,0,1
5.5,6.03,16.2,306,55.66,39.18,3.11,2.06,0,13
5.1,4.97,12.8,350,58.15,35.71,5.07,1.02,0,5
5.1,4.7,15.3,420,59.84,33.29,4.26,2.56,0,11
4.7,4.43,13.4,425,67.09,29.25,2.42,1.22,0,3
9.8,5.26,14.8,378,65.08,30.13,2.89,1.94,0,1
7.2,5.19,14.3,304,52.57,33.35,10.26,2.56,1.28,1
9.2,4.47,14.5,348,65,27.97,4.02,2,1,13
7.6,4.73,16.2,230,53.91,37.11,5.61,2.25,1.12,13
10,5.67,15.7,368,53.96,40.48,3.36,2.25,0,11
9.6,5.14,13,187,56.85,36.26,2.9,2.94,0.98,13
6,3.68,10.4,242,60.55,30.25,6.41,1.83,0.92,5
5.7,5.93,16.3,331,63.77,27.54,4.99,3.75,0,4
10.8,4.21,13.9,285,50.61,36.51,9.43,3.53,0,13
6.1,4.29,14.2,435,51.16,38.11,7.13,3.57,0,3
4,4.46,12.8,431,61.8,32.36,3.95,0.98,0.98,13
10.4,3.55,10.6,374,61.63,29.08,5.79,3.49,0,13
7.2,4.34,11.2,168,60.76,31.35,5.88,0.98,0.98,3
6.3,4.99,15.5,389,58.41,33.61,6.2,0.88,0.88,1
4.4,4.56,12.3,300,55,38.99,3,3,0,3
7.9,5.99,15.1,283,53.3,38.86,2.21,4.44,1.11,13
9.9,5.9,14.2,353,60.56,32.11,4.6,2.75,0,13
10.2,4.7,13.1,369,53,39.78,6,1.2,0,1
7.5,5.68,16.2,201,53.07,37.74,6.11,3.06,0,13
6.9,5.9,14.5,352,65.73,23.57,5.87,3.92,0.98,5
9.6,4.81,14.1,266,69.05,24.75,2.06,4.12,0,3
8.9,5.72,15.9,332,61.41,32.5,2.42,2.41,1.2,13
5,5.16,13.9,305,59.98,32.02,5.98,2,0,13
5.7,4.98,16,244,54.78,33.33,8.34,3.57,0,1
5.9,5.04,10.8,288,58.86,35.28,1.96,2.94,0.98,3
6.3,3.44,7.3,350,58.78,33.36,3.49,3.51,0.88,3
4.9,4.76,15.9,273,52.6,34.64,8.97,3.85,0,3
8.5,4.67,14,170,60.21,33.01,2.87,2.91,0.97,3
8.7,4.75,14,352,52.55,40.18,3.09,3.09,1.03,5
8.9,4.95,11.7,332,58.03,32.15,7.11,2.68,0,3
8.8,4.62,8.1,223,58.6,30.27,8.05,3.03,0,13
10,5.37,12.6,395,71.56,23.15,4.21,1.05,0,11
4.1,4.65,12,215,65.69,27.29,4.08,2.02,1.01,3
8.4,4.39,10.7,193,58.54,36.6,2.44,2.44,0,3
4.1,5.55,12.1,432,58.95,30.54,6.31,3.16,1.05,1
10.8,5.92,16.9,270,62.38,32.11,3.65,0.92,0.92,3
9.9,4.3,14.7,317,66.64,25.04,6.24,2.08,0,13
6,5.91,11.5,162,57.46,31.23,8.76,2.5,0,12
8.7,5.61,16.4,218,56.83,36.81,3.19,3.16,0,9
9.3,5.64,12.8,267,51.14,40.66,3.5,3.49,1.16,10
8.6,5.25,11.9,329,56.12,31.69,7.3,3.66,1.22,7
9.8,3.89,11.9,253,67.97,23.99,4,4,0,9
9.3,5.29,13,395,61.77,29.42,4.44,4.41,0,2
4.8,4.94,14.5,295,56.62,36.81,2.83,2.83,0.94,13
9.8,4.59,14.3,153,68.78,23.66,5.36,2.15,0,12
9.6,5.04,15.8,277,50.6,44.44,3.68,1.23,0,8
5.5,5.83,15.4,248,53.08,35.81,6.18,4.94,0,9
8.6,5.14,16.2,224,60.18,27.53,8.2,4.08,0,4
6.5,4.51,13.4,181,55.94,36.52,6.45,1.08,0,8
7.3,5.72,13.2,165,62.2,31.74,4.89,1.22,0,1
7.6,5.88,16.3,295,57.62,36.48,4.69,1.18,0,3
8.6,3.82,8.9,331,64.87,23.37,8.55,2.13,1.06,5
4.5,4.92,14.5,250,50.02,39.34,8.53,2.13,0,13
6.8,4.76,15.2,326,64.51,29.01,3.7,2.8,0,10
4.6,4.05,9.9,411,54.08,41.21,2.35,2.35,0,7
8.1,4.41,14,398,53.74,38.67,3.26,4.3,0,9
5.9,4.6,9.7,351,46.65,44.45,3.34,4.44,1.11,8
6,4.73,16.5,278,58.68,29.32,7.98,4,0,12
10.6,4.91,16,416,72.42,23.02,2.31,2.3,0,13
10.5,4.06,7.9,293,60.95,35.34,2.45,1.22,0,10
9.9,4.1,10.1,314,49.45,40.46,7.83,1.12,1.12,9
8.2,5.31,13.3,340,48.21,42.17,4.78,3.61,1.2,7
5,5.15,17.2,316,47.8,40.04,7.77,3.33,1.11,13
11,5.44,16,412,57.58,36.34,4.03,2.02,0,4
8.7,4.31,13,384,64.97,26.8,5.12,3.09,0,13
7.7,4.45,8.4,429,56.43,32.95,7.04,3.53,0,3
9.4,5.14,14.2,167,62.89,27.8,6.15,2.06,1.03,8
6.5,5.4,11.1,285,62.62,26.5,8.45,2.41,0,10
5.1,5.92,14.7,239,66.64,23.31,6.63,3.33,0,13
8.2,3.67,11,279,45.62,42.39,7.65,3.26,1.09,12
7,5.82,14.6,290,70.68,20.21,7.03,1.01,1.01,13
7.1,4.66,14.5,214,47.11,41.39,8.02,3.45,0,13
8.2,4.96,15.1,167,63.62,30.31,3.05,3.03,0,4
7.9,3.78,11,157,55.44,39.62,2.95,1.98,0,12
5.7,3.61,10.4,305,50.49,39.6,5.93,3.96,0,8
9.1,5.31,11.7,329,60.47,34.55,3.68,1.23,0,10
8.4,5.72,14,297,62.65,32.33,2,2.02,1.01,9
8.7,5.4,14.1,190,62.63,27.7,3.6,4.82,1.2,7
4.5,5.14,15.5,217,67.03,25.8,5.14,1.03,1.03,7
6,4.21,13.3,298,67.36,21.76,6.51,4.35,0,4
9.2,5.17,13.4,278,65.04,30.11,2.88,1.94,0,11
6.7,4.63,14.8,331,67.38,26.53,4.08,2.04,0,7
5.5,5.86,9.2,226,49.41,41.61,5.64,3.37,0,7
5.3,4.53,10.3,166,64.49,27.1,5.58,2.8,0,9
10.7,5.88,14.8,204,62.19,32.93,2.42,2.44,0,1
5.7,5.64,16.8,219,66.18,28.42,4.01,1.35,0,13
4.4,5.25,13.6,200,61.37,29.72,6.94,1.98,0,12
5,5.05,14.2,426,61.25,28.71,7.49,2.5,0,1
5.9,5.64,15.7,191,46.05,43.81,6.75,3.37,0,8
9.1,5.08,14.9,412,53.99,39.11,4.57,2.3,0,10
7.6,4.73,12.8,352,61.1,34.27,1.85,2.78,0,4
10.3,4.87,15,155,45.63,43.44,8.66,1.09,1.09,13
6.2,5.12,15.7,239,51.74,41.39,3.46,3.45,0,9
10.4,4.93,10.5,430,60.18,35.22,2.76,1.85,0,13
6.2,4.56,14.3,279,56.4,32.72,6.36,3.64,0.91,3
7.8,4.96,15.4,374,57.46,32.51,7.52,2.5,0,13
6.5,4.26,13.4,156,58.85,32.95,3.56,3.53,1.18,11
7.3,4.92,14.2,268,64.73,26.45,6.85,0.98,0.98,11
10.7,5.63,15.7,280,57.41,36.09,4.65,1.85,0,3
6.3,5.45,12.5,205,68.73,24.96,3.78,2.5,0,4
6.3,5.31,12.4,300,68.17,23.05,5.52,2.2,1.1,11
8.3,5.62,16.7,255,66.32,24.77,3.97,3.96,0.99,6
8.3,4.78,13.2,423,62.22,27.81,4.44,4.44,1.11,13
7.8,5,10.2,198,52.89,39.11,4.63,2.3,1.15,11
4.9,6.08,14.1,212,51.67,39.34,5.62,3.37,0,6
4.7,4.36,9,393,57.03,35.51,3.23,3.23,1.08,11
10.1,5.16,12.8,280,49.97,43.36,3.35,2.22,1.11,3
4.1,4.89,13.6,352,54.92,39.58,2.17,2.2,1.1,6
7.3,5.24,14.7,287,52.54,39.37,6.02,1.01,1.01,13
8.3,5.88,13.8,345,52.92,35.31,7.05,4.71,0,6
6,4.84,16.5,366,63.92,29.16,2.74,4.17,0,13
8.3,5.27,12.9,250,59.62,34.22,4.38,1.75,0,11
4.8,4.79,16.1,172,64.08,28.12,5.82,1.94,0,13
6,5.08,13.7,448,59.6,32.98,4.26,2.13,1.06,0
5.7,5.27,12.5,158,53.91,35.51,6.56,3.95,0,11
10.5,4.49,13.6,285,63.85,29.78,3.23,2.13,1.06,13
4.3,5.08,13.4,165,61.2,31.79,4.67,2.35,0,0
5.9,5.39,15.4,445,54.74,35.77,7.4,2.11,0,11
6.6,4.8,11,215,50.48,38.81,7.79,2.91,0,13
5.2,5.79,14.2,217,64.08,28.13,2.95,3.88,0.97,3
10.2,4.04,8.6,323,59.36,34.36,5.24,1.04,0,13
8.4,5.12,16.7,419,64.61,25.64,6.13,3.66,0,3
7.7,4.1,9.5,413,62.08,25.31,6.88,4.6,1.15,1
10,5.5,15.2,429,54.22,34.92,6.02,3.61,1.2,1
7.1,6.06,11.7,423,52.57,34.61,8.96,3.85,0,6
6.1,5.1,13.6,359,55.24,35.54,7.91,1.32,0,4
4.7,5.47,16.4,207,59.81,32.14,6.22,0.89,0.89,3
5.4,5.44,16.1,182,63.63,28.22,3.61,3.64,0.91,13
4.7,5.58,14.8,205,60.35,30.18,5.67,2.83,0.94,11
10.4,5.03,16.1,298,57.5,28.73,8.74,3.75,1.25,13
5.8,4.59,13.5,319,66.37,24.72,6.96,0.99,0.99,13
7,5.42,14.6,182,54.58,35.36,7.08,3.03,0,13
5.1,5.87,16.9,447,56.98,30.82,7.5,3.74,0.93,1
5.7,5.96,11.9,435,60.84,29.92,7.25,2.06,0,11
10.4,4.85,16.5,155,51.06,38.26,8.51,2.13,0,10
4.6,3.78,10.4,228,58.44,31.44,5.63,3.37,1.12,6
8.5,4.41,14.8,258,53.88,34.63,6.42,5.13,0,2
6.4,3.93,10.5,284,51.16,36.38,7.93,4.55,0,13
10.9,5.93,15.6,230,63,29.62,4.94,2.47,0,0
9.6,5.49,17,425,56.24,35.44,6.25,2.08,0,4
5.2,5.79,15.8,216,51.97,39,6,2,1,13
4.7,4.21,12.2,273,67.04,24.38,4.84,2.44,1.22,3
10.9,5.11,11.3,272,60.61,35.36,2,1.01,1.01,3
10.3,4.56,13,436,58.08,34.28,5.72,0.95,0.95,13
10.9,5.16,14.7,395,59.13,31.2,7.56,1.08,1.08,0
8.9,5.32,9.3,420,56.62,32.92,5.25,3.95,1.32,2
6.8,6.03,15.7,310,63.14,29.11,4.87,1.94,0.97,1
7.1,5.13,12.7,201,51.65,38.23,7.89,2.25,0,1
10.4,5.71,14.7,433,59.83,29.87,7.19,3.09,0,11
8.9,5.46,16.5,230,56.08,37.41,3.75,2.8,0,13
8.5,5.14,14.1,336,65.62,23.66,7.57,3.23,0,1
9.2,4.2,10.4,159,66.64,24.73,7.51,1.08,0,11
10.2,5.26,13.2,153,61.27,29.04,6.41,3.23,0,11
9.9,4.39,13.1,223,60.52,27.63,7.91,2.63,1.32,1
6.6,4.38,14.4,260,50.54,40.47,6.77,2.25,0,1
6.7,4.62,12.4,275,65.94,26.34,3.29,3.3,1.1,13
5.5,5,14,400,49.41,41.54,3.37,4.49,1.12,1
7.8,5.55,14.8,404,65.3,30.6,2.01,2.04,0,13
9.5,5.71,15,243,57.63,32.6,7.59,2.17,0,13
7.6,4.74,16.2,335,63.67,30.68,2.27,2.27,1.14,1
8.7,5,12.1,181,55.64,33.99,6.64,3.77,0,10
7.8,5.89,15.9,421,62.1,26.34,7.34,3.16,1.05,13
5.7,4.84,14.2,158,56.81,34.75,5.24,3.16,0,13
8.6,5.52,14.9,438,67.5,24.07,4.83,2.41,1.2,1
5.1,4.51,13.8,280,61.22,31.52,3.59,2.7,0.9,1
11,3.76,7.3,193,62.07,30.53,4.22,3.16,0,13
7.8,5.17,13.7,166,45.66,42.41,7.58,3.26,1.09,1
7.4,4.86,15.2,230,69.16,24.46,4.28,1.06,1.06,4
6,4.43,9.2,317,52.6,40,3.12,4.21,0,1
6.5,5.73,16.2,174,68.72,26.06,3.16,2.08,0,13
7.1,4.94,13.5,193,56.8,34.12,6.8,1.14,1.14,1
9.2,4.99,13.6,252,60.87,31.55,3.29,3.26,1.09,1
7.2,4.97,15.6,387,56.29,32.19,8.03,3.45,0,13
4.6,5.79,15.6,208,65.16,23.6,6.73,3.37,1.12,3
7.8,5.31,15.8,395,60.73,34.85,1.75,1.79,0.89,6
6.2,4.31,13.1,409,58.43,32.48,6.45,2.6,0,13
4.3,4.98,12.2,412,61.36,29.22,5.63,2.83,0.94,1
9.6,4.27,9.8,353,56.44,34.68,5.96,1.98,0.99,4
4.9,4.73,12.2,215,56.3,32.4,8.47,2.82,0,13
5.1,6.01,15.4,253,56.47,38.64,1.98,1.98,0.99,1
7.1,4.3,14.8,150,61.36,29.27,7.53,1.89,0,1
5.1,4.92,14.4,392,54.8,35.65,8.22,1.37,0,13
10.7,4.76,14.3,235,63.66,28.59,6.46,1.3,0,0
7.7,5.41,15.6,166,61.3,28.79,6.3,2.7,0.9,3
8.3,4.39,13.4,260,48.39,41.97,7.56,2.15,0,13
10.9,5.41,14.8,370,62.8,28.74,3.23,4.26,1.06,1
8.9,3.73,9.5,295,61.19,29.88,2.95,4.48,1.49,5
7,4.71,15.4,246,61.86,31.59,2.64,3.95,0,13
9.7,5.44,16.7,179,65.31,22.76,6.92,3.96,0.99,1
9.7,5.4,16.4,243,62.86,31.46,1.93,2.86,0.95,3
6.2,4.65,12.3,302,58.44,33.04,5.9,1.69,0.85,11
7.8,4.25,12.8,208,59.68,32.49,6.16,1.75,0,13
6.7,5.03,14.4,348,55.41,36.99,4.34,2.17,1.09,13
10.7,5.47,15.8,395,62.15,31.08,4.88,0.97,0.97,3
10.5,4.39,8.4,155,48.81,39.55,8.11,3.49,0,13
4.9,5.65,15.5,383,68.26,24.74,5.9,1.18,0,1
4.2,4.84,9.8,239,61.74,31.93,4.29,1.06,1.06,1
4.5,4.61,11.6,228,53.98,32.91,9.2,2.63,1.32,1
4.5,4.69,14.7,294,57.16,30.96,9.52,2.38,0,4
7.5,4.64,10.7,417,55.29,34.18,7.88,2.63,0,1
5.8,5.9,14.5,287,54.02,34.52,8.05,2.3,1.15,13
5.8,4.41,12.9,193,67.03,22,6.96,3,1,4
9.6,4.71,13.3,264,64.33,27.35,4.75,3.57,0,13
7.9,4.88,15,253,49.39,41.15,4.67,4.71,0,3
10,4.4,12.9,393,65.69,24.48,6.89,1.96,0.98,13
10.7,5.2,14,246,67.01,22.69,5.7,4.55,0,1
4.7,5.71,14.7,173,63.21,26.43,9.16,1.15,0,6
5.8,4.73,13.3,381,47.63,39.29,9.54,3.57,0,6
7.6,5.23,13.6,432,62.95,30.84,2.51,2.47,1.23,3
10.9,4.72,14.5,198,50.6,41,3.6,3.61,1.2,0
4.6,4.93,13.1,186,61.53,30.77,6.56,1.1,0,13
9.7,5.07,11,371,60.26,27.37,8.25,2.74,1.37,13
6.1,5.03,14.3,409,60.49,28.93,7.89,2.63,0,11
5.6,5.19,8.3,213,61.57,29.5,7.73,1.28,0,3
10.7,4.55,14.6,445,50.03,39.97,7.04,3,0,3
10.1,5,13.9,153,62.38,31.8,3.49,2.35,0,5
10.7,4.39,9.9,410,55.88,32.27,8.62,2.15,1.08,13
4.4,4.49,12.9,386,57.27,33.68,5.6,3.37,0,13
4.4,4.67,13.3,207,56.31,38.85,2.9,0.97,0.97,1
6.4,4.23,14.2,339,58.36,33.3,4.78,3.57,0,13
8.9,5.06,15.1,352,61.09,31.1,3.37,3.33,1.11,11
9.9,4,7.2,424,58.58,31.55,6.32,2.7,0.9,1
8.6,5.03,12.2,304,63.19,27.36,6.58,2.83,0,13
7.6,4.93,16.2,356,58.26,32.95,7.6,1.27,0,13
9.1,5.33,11,159,63.71,27.44,6.84,1.96,0,13
6.2,5.78,16.1,374,53.28,40.21,2.15,4.35,0,13
7.4,4.61,12.5,152,58.83,32.36,5.91,2.94,0,13
7.2,5.29,15.8,362,65.31,24.45,8.17,2.04,0,13
8.6,5.09,12.7,240,53.57,40.46,3.54,2.38,0,13
6.4,5.88,17,344,54.54,37.39,4.05,4.04,0,11
7.8,4.73,13.9,324,55.29,34.1,7.1,3.53,0,0
6.9,5.08,11.9,221,60.42,31.24,5.23,2.08,1.04,2
6.9,4.83,15.3,210,51.1,42.24,3.32,2.22,1.11,0
5.8,3.6,7.1,343,64.35,29.72,2.96,2.97,0,13
10.6,5.21,13.7,159,63.24,29.25,4.73,2.83,0,6
4.5,5.86,16.4,232,59.83,29.39,6.84,3.92,0,6
8.8,5.73,14.9,279,57.43,34.62,4.96,1.98,0.99,13
5.8,4.92,13.2,251,53.66,36.61,7.34,2.44,0,13
9.8,4.77,7.7,385,57.73,32.72,6.92,1.72,0.86,0
5.1,5.29,14.4,304,60.74,31.28,5.32,2.68,0,13
8.4,4.87,12.3,438,57.83,31.33,7.22,3.61,0,2
7.3,5.65,16.6,381,60.24,29.56,7.13,2.04,1.02,13
10,3.99,8.2,231,50.53,39.39,8.04,2.02,0,11
8.5,4.63,14.6,205,54.32,40.21,3.27,2.17,0,13
6.6,5.55,14,325,63.97,30.26,3.49,2.33,0,11
4.8,5.27,15.9,374,50.56,38.71,7.56,2.15,1.08,13
7.7,3.85,8.2,201,55.66,37.49,3.41,3.41,0,2
4.8,5.45,15.6,236,59.8,32.37,3.95,3.92,0,13
7.4,5.01,14.1,321,56.15,34.72,8.14,1.02,0,13
5.1,4.83,15.1,152,48.28,46.01,4.6,1.15,0,13
10.5,5.66,17,150,53.06,34.53,8.65,2.47,1.23,13
4.7,5.8,12.6,207,66.33,26.72,4.94,1.98,0,0
9.1,4.03,8,348,56.87,35.76,4.23,3.16,0,13
4.2,4.42,13.9,377,69.15,21.26,6.38,2.13,1.06,4
9.7,3.82,11,366,65.28,23.48,7.18,3.06,1.02,6
4.3,5.69,15.1,214,59.74,31.2,5.23,2.6,1.3,5
5.5,5.03,10.3,363,58.26,32.97,4.89,3.88,0,13
9.3,4.76,13.1,440,68.11,22.34,5.3,3.19,1.06,6
8.6,5.58,14.8,361,61.58,33.03,4.49,0.89,0,13
10.8,4.51,13.9,297,56.81,36.38,3.44,3.41,0,5
7,5.87,14.9,405,59.99,28.57,7.17,2.86,1.43,1
10.9,3.99,7.1,185,62.83,29.46,3.89,3.85,0,1
6.2,4.37,12.9,445,55.95,30.96,8.3,3.57,1.19,13
6.1,4.72,14.1,306,57.13,34.32,5.72,2.86,0,6
6,5.53,16.7,424,52.31,37.52,6.82,3.41,0,13
10.8,4.67,14.1,336,55.11,35.92,5.16,3.85,0,13
10.4,4.67,12.6,178,51.78,39.73,4.8,2.41,1.2,3
7.1,4.44,12.6,435,58.45,31.13,5.18,5.19,0,3
4.1,5,14.2,404,52,38.01,5.97,3,1,13
7,5.22,15.8,248,54.77,36.55,3.84,3.85,0.96,13
4.2,4.74,8.4,216,59.07,29.55,7.92,3.41,0,13
7.5,5.12,14.8,438,53.11,35.79,6.21,4.94,0,13
5.5,4.36,13.9,299,55.23,35.54,3.95,3.95,1.32,5
6.1,5.15,14,153,54.09,37.8,2.73,5.41,0,13
10.2,5.63,16.7,278,61.35,29.28,5.67,3.77,0,13
6,4.95,8.2,443,61.36,32.99,3.41,2.27,0,11
10,3.71,11.1,437,59.48,34.2,3.77,2.53,0,13
6.4,5.45,13.9,361,54.43,32.93,8.88,2.53,1.27,0
5,4.25,9.1,271,63.93,26.77,5.84,3.49,0,11
9.3,4.45,10.2,175,58.33,34.49,3.57,3.57,0,1
8.1,4.25,14.1,300,69.42,21.42,5.12,4.08,0,13
8.3,6.09,15.3,276,53.76,36.27,3.74,5,1.25,4
6.6,4.83,14.9,249,54.73,38.11,5.92,1.19,0,13
7.7,4.77,14.3,432,64.09,29.46,5.14,1.28,0,13
8,5.2,15,283,65.09,24.45,6.98,3.49,0,13
9.3,5.02,12.9,259,70.44,22.43,4.06,3.06,0,13
5.3,4.61,14.1,385,56.76,31.71,7.71,2.88,0.96,13
9.4,4.51,14.1,377,57.47,34.07,4.22,3.19,1.06,1
7.7,4.98,9.9,183,48.89,42.06,5.72,3.41,0,13
5.8,4.01,8.6,442,65.02,25.3,4.84,3.61,1.2,3
9.2,5.84,16,372,50.58,40.46,4.5,4.49,0,11
6.3,5.16,15.5,376,52.98,33.77,9.62,2.41,1.2,13
6,5.06,13.5,190,50.58,41.36,3.44,3.45,1.15,13
9,5.35,14.5,417,56.27,33.04,7.75,1.94,0.97,1
6.5,5.08,14.9,273,59.08,31.84,5.65,3.41,0,13
6.4,3.93,11.8,310,57.87,32.9,6.61,1.32,1.32,5
10.7,5.07,14.1,150,58.73,34.85,1.84,3.67,0.92,11
6.6,5.68,16.5,428,53.99,35.66,8.05,1.15,1.15,3
4.8,5.33,15.2,226,51.81,42.19,3.59,1.2,1.2,1
6.8,4.45,10.9,399,57.93,35.54,2.78,2.8,0.93,1
7.7,3.95,11.8,242,62.48,29.19,6.24,2.08,0,13
7.8,4.81,14.6,314,52.82,36.15,6.48,3.7,0.93,13
7.9,5.19,17.2,363,62.02,29.65,4.67,2.78,0.93,11
9,5.12,14.4,282,60.44,27.88,7.01,4.65,0,13
6.1,4.47,12.3,396,61.04,29.99,6.04,2,1,5
4.5,4.26,13.7,412,52.79,38.22,4.52,4.49,0,4
4.1,5.07,13.3,263,52.62,38.14,6.61,1.32,1.32,13
8.5,4.47,13.8,419,67.06,24.47,7.44,1.06,0,3
5.2,5.51,14.3,358,55,36.28,5.03,3.75,0,13
8.6,4.66,13.6,411,56.16,38.17,2.23,3.37,0,13
8.8,4.29,14,262,68.16,26.11,2.3,3.41,0,3
7.6,6.04,15.7,214,60.21,30.12,7.78,1.94,0,1
8.3,5.25,17,246,64.18,31.11,1.88,1.89,0.94,3
6,4.8,14.9,213,70.29,25.28,2.19,2.2,0,13
5.7,5.87,14.5,324,60.62,34.34,2.06,2.02,1.01,13
4.9,5.04,10.3,193,62.4,33.05,2.79,1.83,0,1
7.4,5.8,17.1,218,55.44,40.2,2.16,2.17,0,13
6.7,4.67,13,372,55.58,35.59,7.81,1.11,0,5
5.1,3.55,11.7,302,52.01,36.97,8.02,2,1,3
9.2,3.85,11.4,241,55.42,32.45,8.07,4.05,0,13
7.2,3.81,13.2,438,64.2,30.86,2.5,2.47,0,13
4,4.62,12.7,201,60.69,30.33,5.59,2.25,1.12,1
7.9,4.4,13.6,251,64.77,26.13,5.67,2.27,1.14,3
6.1,5.66,17.2,387,48.27,45.85,4.67,1.18,0,3
9.3,5.85,13.9,163,55.19,34.49,8.07,2.3,0,3
4,4.68,7.7,159,50.01,41.7,7.18,1.19,0,3
7.7,5.58,15,445,48.86,42.05,4.55,3.41,1.14,5
6.9,5.78,16.7,348,67.68,23.22,8.11,1.01,0,3
10.3,3.78,10.1,163,54.4,33.95,6.8,3.88,0.97,13
7.6,4.17,11.3,235,60.76,30.41,7.57,1.27,0,11
9.7,5.44,8.9,175,59.64,33.66,2.87,2.88,0.96,3
9.3,4.22,13.7,188,63.49,27.08,4.69,4.71,0,3
4,4.32,14.1,218,61.23,27.51,6.26,3.75,1.25,1
9.6,4.84,12.1,256,59.59,29.25,6.7,3.37,1.12,3
9.9,6.01,15.9,375,60.71,31.48,4.47,3.37,0,13
10,5.85,16.7,187,59.84,34.83,3.53,1.79,0,12
6.9,4.24,14.2,337,58.14,29.59,8.18,3.06,1.02,9
6.2,5.35,13.2,212,57.8,33.92,4.55,3.67,0,10
9.4,5.37,16.4,284,63.64,29.54,4.54,1.14,1.14,7
8,4.83,12.3,339,52.72,41.75,2.18,2.2,1.1,9
5.7,5.52,14.9,366,47.87,41.49,6.37,4.26,0,2
10.7,4.88,10.3,424,44.92,44.95,6.74,3.37,0,13
7.9,4.68,9,320,50.61,35.84,9.9,2.47,1.23,12
7.2,4.78,10.7,189,59.29,34.24,3.72,2.78,0,8
7.3,5.72,14.8,353,58.41,31.43,6.72,2.25,1.12,9
5.5,5.7,16.1,329,61.65,27.1,7.44,2.8,0.93,4
10.8,5.01,14.7,367,62.35,26,6.5,3.9,1.3,8
6.4,4.4,12.6,301,63.28,30.64,3.08,3.06,0,1
10.6,5.35,8.5,350,69.88,22.61,5.35,2.15,0,3
8.7,4.75,13.2,374,62.54,30.39,2.7,3.57,0.89,5
5.8,4.88,16.2,449,57.91,35.55,2.77,3.74,0,13
10.8,4.71,12.5,386,49.43,42.39,4.71,3.53,0,10
7,5.05,12.3,421,53.92,38.2,4.9,1.96,0.98,7
6.4,5.16,14,284,53.23,38.31,3.2,4.26,1.06,9
10.8,4.43,14,189,57.37,33.03,6.1,2.61,0.87,8
5.1,5.14,11.2,333,60.41,33.92,2.82,1.89,0.94,12
5.1,4.85,16.2,401,49.99,39.32,5.94,4.76,0,13
8.2,4.77,15.4,150,52.7,40.9,4.28,2.15,0,10
9.9,4.78,9.5,336,64.51,25.77,5.41,4.3,0,9
5.6,4.5,14.3,152,53.03,38.56,3.63,3.61,1.2,7
4.4,4.91,10.9,435,62.37,31.21,4.31,1.08,1.08,13
8.5,5.36,15.6,188,53.83,35.91,7.68,1.28,1.28,4
10.3,4.56,13.7,256,57.77,34.49,6.02,0.86,0.86,13
4.1,4.97,14.9,298,60.99,29.27,7.33,1.22,1.22,3
7.6,5.19,16,266,61.82,33.65,2.71,1.82,0,8
8.9,5.02,14.2,404,61.23,30.6,6.28,1.8,0,10
7,4.66,12.1,430,60.85,31.54,5.46,2.17,0,13
8.9,5.51,9.3,281,55.35,37.83,5.86,0.97,0,12
7.3,5.65,11.1,440,65.94,28.74,3.18,2.13,0,13
8,4.62,13.7,435,53.16,40.65,4.21,1.04,1.04,13
7.4,5.8,15.6,193,58.45,35.92,2.24,3.37,0,4
10.5,3.87,10.9,205,62.16,31.54,3.61,1.8,0.9,12
7.5,4.98,15,437,62.35,31.2,5.51,0.92,0,8
7.7,5.27,10.1,273,63.54,29.92,5.57,0.93,0,10
10.7,4.92,10.1,166,51.74,39.99,5.89,1.18,1.18,9
7.7,5.26,14.2,389,66.25,25.57,3.46,3.49,1.16,7
7.5,5.18,14.8,182,48.89,44.33,2.26,3.41,1.14,7
7.6,5.24,15.9,330,68.52,23.59,4.51,3.37,0,4
6.1,5.15,14,298,51.75,37.91,9.19,1.15,0,11
5.5,4.23,12.7,375,63.08,27.22,4.82,3.88,0.97,7
9.8,5.29,14.9,434,51.53,38.35,8.11,2.02,0,7
5,5.95,17,199,59.34,34.39,3.13,2.08,1.04,9
4.9,5.03,14.4,421,62.65,27.49,7.72,1.1,1.1,1
10.1,6.03,17,342,62.51,28.15,5.18,3.12,1.04,13
4.7,5.21,13.7,289,64.18,31.59,3.12,1.05,0,12
6.8,4.76,14.4,265,62.48,27.74,4.19,4.17,1.39,1
5.6,4.81,14.5,240,59.37,28.09,8.29,4.17,0,8
10.7,5.33,14.7,344,70.32,23.11,4.43,2.2,0,10
7.3,5.96,17.1,305,58.4,34.48,4.42,1.77,0.88,4
6,5.89,17,382,55.53,37.81,5.54,1.11,0,13
9.2,5.02,11.6,198,60.9,28.72,6.91,2.3,1.15,9
10.6,5.88,16.5,365,55.93,35.75,4.55,2.75,0.92,13
4.4,5.2,14.4,255,64.09,26.08,5.46,3.26,1.09,4
